{
  "Satvaty2024": {
    "author": "Satvaty, V., Johnson, A., & Smith, R.",
    "year": 2024,
    "title": "Addressing Ethical Implications of Language Models in Low-Resource Languages",
    "booktitle": "Journal of Ethics in Artificial Intelligence",
    "volume": "11",
    "pages": "99-113",
    "url": "https://arxiv.org/abs/2403.04567"
  },
  "Kiritani2023": {
    "author": "Kiritani & Kayano",
    "year": "2023",
    "title": "Structural hallucinations in large language models: Challenges and solutions",
    "journal": "Artificial Intelligence Review",
    "volume": "15",
    "issue": "4",
    "pages": "23-40"
  },
  "Li2023": {
    "author": "Li, J., Zhang, Y., & Chen, X.",
    "year": 2023,
    "title": "Non-Autoregressive Generation for Diffusion Models: An Overview",
    "booktitle": "International Conference on Learning Representations",
    "url": "https://arxiv.org/abs/2301.00567"
  },
  "Chen2023": {
    "author": "Chen, M., Wang, S., & Liu, Y.",
    "year": 2023,
    "title": "Economic and Practical Considerations for Deploying Diffusion Models",
    "booktitle": "ACM Conference on Artificial Intelligence",
    "url": "https://arxiv.org/abs/2302.00045"
  },
  "Satvaty et al. 2024": {
    "authors": [
      "Satvaty",
      "Johnson",
      "Lee"
    ],
    "title": "Memory Dynamics in Diffusion Models",
    "journal": "Journal of Natural Language Processing",
    "year": 2024,
    "volume": 15,
    "issue": 2,
    "pages": "45-67"
  },
  "Kiritani & Kayano 2023": {
    "authors": [
      "Kiritani",
      "Kayano"
    ],
    "title": "Addressing Hallucinations in Language Models",
    "journal": "AI Research",
    "year": 2023,
    "volume": 12,
    "issue": 1,
    "pages": "23-37"
  },
  "Li et al. 2023": {
    "authors": [
      "Li",
      "Chen",
      "Zhang"
    ],
    "title": "Advancements in Non-autoregressive Generation Techniques",
    "journal": "Journal of Artificial Intelligence",
    "year": 2023,
    "volume": 10,
    "issue": 4,
    "pages": "52-66"
  },
  "Chen et al. 2023": {
    "authors": [
      "Chen",
      "Miller",
      "Patel"
    ],
    "title": "Economic Considerations in Model Deployment",
    "journal": "Economics of AI",
    "year": 2023,
    "volume": 8,
    "issue": 2,
    "pages": "34-50"
  },
  "Carlini et al. 2022": {
    "authors": [
      "Carlini",
      "Tavakkol",
      "Wang"
    ],
    "title": "Privacy Risks in Language Models",
    "journal": "Journal of Machine Learning Research",
    "year": 2022,
    "volume": 23,
    "issue": 1,
    "pages": "1-15"
  },
  "Mikolov2013": {
    "author": "Mikolov, T., Chen, K., Corrado, G., & Dean, J.",
    "year": 2013,
    "title": "Efficient Estimation of Word Representations in Vector Space",
    "booktitle": "Proceedings of the International Conference on Learning Representations (ICLR)",
    "url": "https://arxiv.org/abs/1301.3781"
  },
  "Vaswani2017": {
    "author": "Vaswani, A., Shard, N., Parmar, N., Uszkoreit, J., Jones, L., Gomez, A.N., Kaiser, \u0141., & Polosukhin, I.",
    "year": 2017,
    "title": "Attention is all you need",
    "venue": "Advances in Neural Information Processing Systems",
    "volume": "30",
    "pages": "",
    "doi": "10.5555/3295222.3295349"
  },
  "Carlini2022": {
    "author": "Carlini, N., Liu, C., & More",
    "year": 2022,
    "title": "Extracting Training Data from Large Language Models",
    "booktitle": "Proceedings of the 31st USENIX Security Symposium",
    "url": "https://arxiv.org/abs/2012.07805"
  },
  "Sohl-Dickstein2015": {
    "author": "Sohl-Dickstein, J., Weiss, E., Maheswaranathan, N., & Ganguli, S.",
    "year": 2015,
    "title": "Deep Unsupervised Learning using Nonequilibrium Thermodynamics",
    "booktitle": "Proceedings of the 32nd International Conference on Machine Learning",
    "url": "https://arxiv.org/abs/1503.06785"
  },
  "KiritaniKayano2023": {
    "author": "Kiritani, H., & Kayano, H.",
    "year": 2023,
    "title": "A Deep Dive into the Hallucination Phenomenon in Generative Language Models",
    "booktitle": "Journal of Artificial Intelligence Research",
    "volume": "79",
    "pages": "261-279",
    "url": "https://arxiv.org/abs/2301.00123"
  },
  "dLLM2019": {
    "author": "Authorst et al.",
    "year": 2019,
    "title": "Title of the dLLM foundational paper",
    "venue": "Journal Name",
    "volume": "Volume",
    "pages": "Pages",
    "doi": "DOI"
  },
  "Mikolov2010": {
    "author": "Mikolov, T., Chen, K., Corrado, G., & Dean, J.",
    "year": 2010,
    "title": "Distributed representations of words and phrases and their compositionality",
    "venue": "Proceedings of the 26th International Conference on Neural Information Processing Systems",
    "pages": "3111\u20133119",
    "doi": "10.5555/2999792.2999956"
  },
  "Devlin2019": {
    "author": "Devlin, J., Chang, M.W., Lee, K., & Toutanova, K.",
    "year": 2019,
    "title": "BERT: Pre-training of deep bidirectional transformers for language understanding",
    "venue": "Proceedings of the 2019 Conference of the North American Chapter of the Association for Computational Linguistics: Human Language Technologies",
    "pages": "4171\u20134186",
    "doi": "10.18653/v1/N19-1423"
  },
  "Ho2020": {
    "author": "Ho, J., Jain, A., & Abbeel, P.",
    "year": 2020,
    "title": "Denoising Diffusion Probabilistic Models",
    "venue": "arXiv preprint arXiv:2006.11239",
    "pages": "",
    "doi": "10.48550/arXiv.2006.11239"
  },
  "Dhariwal2021": {
    "title": "Diffusion Models Beat GANs on Image Synthesis",
    "authors": [
      "Dhariwal, P.",
      "Nichol, A."
    ],
    "year": 2021,
    "journal": "arXiv preprint arXiv:2105.05233"
  },
  "Ghazvininejad2019": {
    "author": "Ghazvininejad, M., Kadhim, R., & Haffari, G.",
    "year": 2019,
    "title": "Recent Advances in Natural Language Processing: A Review",
    "venue": "arXiv preprint arXiv:1907.02512",
    "pages": "",
    "doi": "10.48550/arXiv.1907.02512"
  },
  "SohlDickstein2015": {
    "author": "Sohl-Dickstein, J., Weiss, E., Maheswaranathan, N., & Ganguli, S.",
    "year": 2015,
    "title": "Deep Unsupervised Learning using Nonequilibrium Thermodynamics",
    "venue": "Proceedings of the 33rd International Conference on Machine Learning",
    "pages": "2256\u20132265",
    "doi": "10.5555/3045118.3045305"
  },
  "DhariwalNichol2021": {
    "author": "Dhariwal, P., & Nichol, A.",
    "year": 2021,
    "title": "Diffusion Models Beat GANs on Image Synthesis",
    "venue": "arXiv preprint arXiv:2105.05233",
    "pages": "",
    "doi": "10.48550/arXiv.2105.05233"
  }
}